open_time,open,high,low,close
2026-06-21T22:25:00+00:00,853604.9,854755.72,853494.23,854166.23
2026-06-21T22:30:00+00:00,854133.08,854681.49,854043.43,854362.28
2026-06-21T22:35:00+00:00,854362.64,855510.86,854169.87,855268.12
2026-06-21T22:40:00+00:00,855220.01,855619.87,854963.56,855052.38
2026-06-21T22:45:00+00:00,855027.75,855289.84,854315.24,854525.27
2026-06-21T22:50:00+00:00,854478.69,854888.35,854327.13,854621.54
2026-06-21T22:55:00+00:00,854597.24,854908.57,854143.82,854192.54
2026-06-21T23:00:00+00:00,854173.31,854806.97,853758.06,854614.49
2026-06-21T23:05:00+00:00,854651.06,855325.82,854582.2,855308.4
2026-06-21T23:10:00+00:00,855272.99,855281.33,854542.56,854849.17
2026-06-21T23:15:00+00:00,854878.91,855693.3,854475.17,855241.68
2026-06-21T23:20:00+00:00,855285.24,855587.54,854714.58,854729.84
2026-06-21T23:25:00+00:00,854697.64,855806.76,854562.39,855429.73
2026-06-21T23:30:00+00:00,855409.35,855666.55,854061.88,854150.96
2026-06-21T23:35:00+00:00,854163.88,854754.31,853612.57,854201.56
2026-06-21T23:40:00+00:00,854283.53,855224.08,853991.92,854769.04
2026-06-21T23:45:00+00:00,854834.65,855182.46,854691.39,854931.85
2026-06-21T23:50:00+00:00,854903.07,855159.34,854021.45,854552.24
2026-06-21T23:55:00+00:00,854534.76,855147.23,854287.9,854968.12
2026-06-22T00:00:00+00:00,854974.76,855023.03,853068.41,853284.69
2026-06-22T00:05:00+00:00,853276.77,854466.79,853223.79,854372.6
2026-06-22T00:10:00+00:00,854365.31,855150.57,854365.31,854898.83
2026-06-22T00:15:00+00:00,854919.12,855188.23,854218.06,854438.07
2026-06-22T00:20:00+00:00,854434.66,854552.52,853765.29,853774.15
2026-06-22T00:25:00+00:00,853782.96,854209.3,853484.18,853943.08
2026-06-22T00:30:00+00:00,853938.34,854083.16,853205.76,853509.99
2026-06-22T00:35:00+00:00,853505.29,853726.81,852912.15,853062.62
2026-06-22T00:40:00+00:00,853128,853618.39,852518.45,852971.88
2026-06-22T00:45:00+00:00,852975.97,853178.44,852425.32,852992.15
2026-06-22T00:50:00+00:00,852987.56,853577.73,852662.8,853426.94
2026-06-22T00:55:00+00:00,853427.14,854333.19,853106.6,853961.88
2026-06-22T01:00:00+00:00,853999.92,855437.58,853840.89,855138.27
2026-06-22T01:05:00+00:00,855123.13,855410.48,854544.35,855336.84
2026-06-22T01:10:00+00:00,855298.57,855705.51,854916.59,855369.28
2026-06-22T01:15:00+00:00,855344.53,855458,854578.66,855052.9
2026-06-22T01:20:00+00:00,855060.33,855117.52,854090.13,854240.93
2026-06-22T01:25:00+00:00,854167.48,854784.51,853668.72,853966.33
2026-06-22T01:30:00+00:00,853949.24,854183.4,852924.58,852924.58
2026-06-22T01:35:00+00:00,852979.34,853425.55,852748.95,853092.87
2026-06-22T01:40:00+00:00,853104.83,853223.76,852754.67,852854.72
2026-06-22T01:45:00+00:00,852811.9,853076.98,851891.6,851943.54
2026-06-22T01:50:00+00:00,851872.07,852587.44,851326.56,851365.11
2026-06-22T01:55:00+00:00,851361.55,852105.12,851313.33,851852.54
2026-06-22T02:00:00+00:00,851855.91,852420.61,851804.69,852064.29
2026-06-22T02:05:00+00:00,852060.17,852440.13,851494.87,851989.19
2026-06-22T02:10:00+00:00,851959.87,853445.07,851931.48,853445.07
2026-06-22T02:15:00+00:00,853504.97,854021.67,853222.1,853303.7
2026-06-22T02:20:00+00:00,853245.12,853868.11,852713.83,853362.48
2026-06-22T02:25:00+00:00,853301.92,853838.72,853073.68,853838.72
2026-06-22T02:30:00+00:00,853778.78,855085.05,853778.78,854909.7
2026-06-22T02:35:00+00:00,854952.27,856370.24,854592.05,856261.23
2026-06-22T02:40:00+00:00,856275.13,857167.76,856170.67,856995.08
2026-06-22T02:45:00+00:00,856989.92,857371.82,856703.09,856716.17
2026-06-22T02:50:00+00:00,856661.25,857037.75,856170.46,856171.03
2026-06-22T02:55:00+00:00,856143.81,857061.32,856135.51,856952.92
2026-06-22T03:00:00+00:00,856952.69,857660.32,856745.42,857464.4
2026-06-22T03:05:00+00:00,857460.14,857516.03,855300.18,855777.79
2026-06-22T03:10:00+00:00,855796.47,855986.09,855490.96,855661.25
2026-06-22T03:15:00+00:00,855663.8,856255.39,855504.77,855690.05
2026-06-22T03:20:00+00:00,855688.42,856246.5,855495.66,856246.5
2026-06-22T03:25:00+00:00,856172.91,856511.96,855933.12,856335.74
2026-06-22T03:30:00+00:00,856305.88,856668.74,856024.39,856485.1
2026-06-22T03:35:00+00:00,856449.84,856711.49,856052.35,856376.27
2026-06-22T03:40:00+00:00,856397.49,857155.79,856310.06,856892.83
2026-06-22T03:45:00+00:00,856893.98,857310.71,856158.18,857185.9
2026-06-22T03:50:00+00:00,857187.55,857434.36,855989.11,855989.11
2026-06-22T03:55:00+00:00,855986.61,856526.03,855879.16,856415.46
2026-06-22T04:00:00+00:00,856385.12,856588.67,855698.8,855794.51
2026-06-22T04:05:00+00:00,855848.37,856240.15,855409.08,856183.9
2026-06-22T04:10:00+00:00,856127.25,856234.12,854898.91,855189.88
2026-06-22T04:15:00+00:00,855212.97,855378.51,853577.39,853587.65
2026-06-22T04:20:00+00:00,853557.28,854009.52,853007.31,853843.36
2026-06-22T04:25:00+00:00,853852.45,854191.4,853668.24,854187.3
2026-06-22T04:30:00+00:00,854161.38,854486.73,853732.63,854094.73
2026-06-22T04:35:00+00:00,854043.52,854095.84,852922.89,853203.44
2026-06-22T04:40:00+00:00,853222.93,853547.63,852524.2,852562.5
2026-06-22T04:45:00+00:00,852512.21,852512.21,851599.01,852142.27
2026-06-22T04:50:00+00:00,852120.69,852441.93,851469.21,851583.07
2026-06-22T04:55:00+00:00,851559.52,852188.04,851443.76,851680.8
2026-06-22T05:00:00+00:00,851611.34,851843.5,850891.62,851352.65
2026-06-22T05:05:00+00:00,851374.03,851615.63,850808.61,851313.97
2026-06-22T05:10:00+00:00,851334.07,852368.38,850925.95,852313.79
2026-06-22T05:15:00+00:00,852235.69,853320.7,852219.47,853167.3
2026-06-22T05:20:00+00:00,853224.14,853528.97,852898.78,853280.27
2026-06-22T05:25:00+00:00,853268.01,854050.79,852810,853793.63
2026-06-22T05:30:00+00:00,853786.05,854660.65,853785.7,854459.94
2026-06-22T05:35:00+00:00,854392.68,855049.22,854001.46,854112.48
2026-06-22T05:40:00+00:00,854080,854357.08,853158.96,853871.2
2026-06-22T05:45:00+00:00,853897.8,854029.12,852786.81,853233.13
2026-06-22T05:50:00+00:00,853232.48,853338.3,851351.38,851557.01
2026-06-22T05:55:00+00:00,851598.29,852449.18,851501.79,852067.88
2026-06-22T06:00:00+00:00,852085.87,852559.26,851813.93,852373.04
2026-06-22T06:05:00+00:00,852413.75,853624.55,852331.83,853417.84
2026-06-22T06:10:00+00:00,853388.59,853725.59,852545.12,853200.52
2026-06-22T06:15:00+00:00,853189.83,853612.73,852419.14,853277.78
2026-06-22T06:20:00+00:00,853300.05,853360.13,852450.34,853032.57
2026-06-22T06:25:00+00:00,853066.52,853492.89,852424.79,852876.77
2026-06-22T06:30:00+00:00,852908.92,852916.73,851454.48,851696.64
2026-06-22T06:35:00+00:00,851653.63,852037.36,851055.53,851187.43
2026-06-22T06:40:00+00:00,851206.68,851219.93,849515.88,849658.98
2026-06-22T06:45:00+00:00,849692.73,849832.87,847710.67,847993.28
2026-06-22T06:50:00+00:00,847961.47,848189.23,847044.7,847085.75
2026-06-22T06:55:00+00:00,847065.02,847200.82,845815.03,846365.03
2026-06-22T07:00:00+00:00,846280.84,847059.37,846094.84,846650.9
2026-06-22T07:05:00+00:00,846646.02,846853.75,845741.17,845842.64
2026-06-22T07:10:00+00:00,845886.16,846153.08,845489.29,845503.42
2026-06-22T07:15:00+00:00,845545.59,845729.04,844401.18,844455.25
2026-06-22T07:20:00+00:00,844486.43,844796.54,843730.02,844149.36
2026-06-22T07:25:00+00:00,844094.53,844596.56,843531.19,843563.04
2026-06-22T07:30:00+00:00,843524,843883.13,843031.33,843181.02
2026-06-22T07:35:00+00:00,843202.75,843535.33,842829.09,843265.35
2026-06-22T07:40:00+00:00,843262.29,843604.15,842815.16,843604.15
2026-06-22T07:45:00+00:00,843605.09,843726.14,843179.52,843318.76
2026-06-22T07:50:00+00:00,843335.28,843468.67,842506.43,842584.35
2026-06-22T07:55:00+00:00,842525.53,842870.38,842142.93,842142.93
2026-06-22T08:00:00+00:00,842127.95,842844.83,842003.99,842506.9
2026-06-22T08:05:00+00:00,842530.75,842914.26,841994.31,842239.75
2026-06-22T08:10:00+00:00,842304.58,843166.81,841941.26,843135.07
2026-06-22T08:15:00+00:00,843095.57,843292.36,841843.8,842412.97
2026-06-22T08:20:00+00:00,842427.65,843505.12,842305.6,843481.5
2026-06-22T08:25:00+00:00,843434.71,843478.89,841799.73,841965.88
2026-06-22T08:30:00+00:00,842016.13,842885.92,842016.13,842751.81
2026-06-22T08:35:00+00:00,842699.3,842732.34,841185.1,841397.16
2026-06-22T08:40:00+00:00,841392.67,841591.15,840757.68,840785.65
2026-06-22T08:45:00+00:00,840870.65,841389.68,839661.87,839710.21
2026-06-22T08:50:00+00:00,839634.68,839964.04,839376.02,839765.92
2026-06-22T08:55:00+00:00,839773.79,839773.79,838800.94,839210.69
2026-06-22T09:00:00+00:00,839191.54,839449.51,838914.75,839080.93
2026-06-22T09:05:00+00:00,839090.3,839168.18,838508.17,839042.68
2026-06-22T09:10:00+00:00,839011.74,839310.95,838181.35,838181.35
2026-06-22T09:15:00+00:00,838244.08,838604.53,837544.04,838396.43
2026-06-22T09:20:00+00:00,838444.58,838886.87,837871.19,838614.17
2026-06-22T09:25:00+00:00,838628.16,839500.31,838083.94,839472.41
2026-06-22T09:30:00+00:00,839455.4,839930.08,839080.31,839534.47
2026-06-22T09:35:00+00:00,839538.93,839538.93,838770.66,839209.5
2026-06-22T09:40:00+00:00,839252.33,839438.99,838374.56,839438.99
2026-06-22T09:45:00+00:00,839503.02,839781.84,838976.23,839221.45
2026-06-22T09:50:00+00:00,839273.63,839273.63,838635.94,838898.17
2026-06-22T09:55:00+00:00,838870.57,839817.16,838870.57,839736.43
2026-06-22T10:00:00+00:00,839816.64,840096.85,839063.96,839318.75
2026-06-22T10:05:00+00:00,839296.45,839645.75,839036.5,839597.76
2026-06-22T10:10:00+00:00,839561.03,840187.82,839158.95,840166.27
2026-06-22T10:15:00+00:00,840171.91,840448.99,839724.08,840269.43
2026-06-22T10:20:00+00:00,840243.11,840889.04,840054.2,840889.04
2026-06-22T10:25:00+00:00,840899.04,841285.62,840468.31,841263.28
2026-06-22T10:30:00+00:00,841231.02,841240.02,840352.65,840701.35
2026-06-22T10:35:00+00:00,840711.64,841645.64,840297.07,841630.76
2026-06-22T10:40:00+00:00,841619.26,842056.37,841309.3,841490.41
2026-06-22T10:45:00+00:00,841509.72,841702.93,840798.1,840976.47
2026-06-22T10:50:00+00:00,840925.65,841883.06,840730.8,841441.56
2026-06-22T10:55:00+00:00,841513.12,841711.35,840717.19,840728.93
2026-06-22T11:00:00+00:00,840722.68,840817.48,839781.64,839781.64
2026-06-22T11:05:00+00:00,839751.66,840917.6,839638.96,840627.32
2026-06-22T11:10:00+00:00,840663.14,841127.89,840379.83,840965.47
2026-06-22T11:15:00+00:00,840963.79,842327.58,840831.67,842231.47
2026-06-22T11:20:00+00:00,842264.9,843056.32,842068.31,842930.15
2026-06-22T11:25:00+00:00,842918.64,843152.5,842684.17,843152.5
2026-06-22T11:30:00+00:00,843130.19,843488.61,842634.82,843151.61
2026-06-22T11:35:00+00:00,843215.5,844166.92,843086.62,843364.48
2026-06-22T11:40:00+00:00,843357.38,844176.07,842933.24,844091.48
2026-06-22T11:45:00+00:00,844084.31,844387.75,843724.65,844109.16
2026-06-22T11:50:00+00:00,844082.11,844594.26,843892.93,844470.09
2026-06-22T11:55:00+00:00,844454.2,844669.37,844013.69,844261.48
2026-06-22T12:00:00+00:00,844282.8,845121.29,844191.57,844454.64
2026-06-22T12:05:00+00:00,844431.12,844607.64,843681.63,843681.63
2026-06-22T12:10:00+00:00,843746.62,844280.74,843470.58,843896.33
2026-06-22T12:15:00+00:00,843854.59,844547.57,843854.59,844398.08
2026-06-22T12:20:00+00:00,844378.15,844514.2,842543.33,842705.23
2026-06-22T12:25:00+00:00,842725.92,842770.48,841683.5,841700.7
2026-06-22T12:30:00+00:00,841740,842942.9,841726.63,842637.92
2026-06-22T12:35:00+00:00,842682.48,843646.42,842652.41,843322.91
2026-06-22T12:40:00+00:00,843358.78,844251.12,843267.5,844134.97
2026-06-22T12:45:00+00:00,844137.75,844641.61,844020.06,844355.51
2026-06-22T12:50:00+00:00,844263.8,844494.32,843586.15,843973.83
2026-06-22T12:55:00+00:00,843972.73,844573.38,843954.54,844230.94
2026-06-22T13:00:00+00:00,844256.72,844612.3,844058.4,844158.79
2026-06-22T13:05:00+00:00,844157.15,844321.56,843230.15,843583.96
2026-06-22T13:10:00+00:00,843547.75,843616.04,842342.19,842354.77
2026-06-22T13:15:00+00:00,842286.44,843004.82,842209.75,843002.54
2026-06-22T13:20:00+00:00,843008.27,843226.4,842575.24,842578.56
2026-06-22T13:25:00+00:00,842573.49,842774.82,841787.55,842045.02
2026-06-22T13:30:00+00:00,842058.76,842832.12,841792.3,842643.41
2026-06-22T13:35:00+00:00,842547.07,843909.77,842545.92,843527.82
2026-06-22T13:40:00+00:00,843526.98,843598.59,842779.91,843598.59
2026-06-22T13:45:00+00:00,843605.61,844260.92,843503.72,843604.26
2026-06-22T13:50:00+00:00,843627.67,843702.81,842891.03,843246.12
2026-06-22T13:55:00+00:00,843226.02,843400.75,840930.96,840930.96
2026-06-22T14:00:00+00:00,840926.88,841362.86,840482.43,840921.91
2026-06-22T14:05:00+00:00,840882.53,841480.69,840755.38,840978.41
2026-06-22T14:10:00+00:00,840923.08,841578.72,840613.91,841108.56
2026-06-22T14:15:00+00:00,841122.22,841517.08,840871.35,841326.41
2026-06-22T14:20:00+00:00,841313.56,841519.64,840562.48,841167.39
2026-06-22T14:25:00+00:00,841133.57,841843.3,840994.21,841229.75
2026-06-22T14:30:00+00:00,841236.97,841566.93,840609.46,841566.93
2026-06-22T14:35:00+00:00,841563.82,842110.42,841229.08,841373.57
2026-06-22T14:40:00+00:00,841405.57,841474.39,840596.25,841294.57
2026-06-22T14:45:00+00:00,841308.94,841804.33,841089.34,841622.29
2026-06-22T14:50:00+00:00,841694.26,842366.72,841321.94,842296.06
2026-06-22T14:55:00+00:00,842320.46,842320.46,841628.01,842196.45
2026-06-22T15:00:00+00:00,842189.61,842469.11,841862.83,841957.23
2026-06-22T15:05:00+00:00,841940.96,842586.46,841882.35,842121.37
2026-06-22T15:10:00+00:00,842182.98,843373.27,842084.41,843157.17
2026-06-22T15:15:00+00:00,843174.05,843712.07,843055.5,843166.37
2026-06-22T15:20:00+00:00,843213.94,843534.18,842724.32,842950.7
2026-06-22T15:25:00+00:00,842930.96,843350.02,842492.61,842904.14
2026-06-22T15:30:00+00:00,842860.48,843957.94,842595.01,843314.92
2026-06-22T15:35:00+00:00,843288.53,844048.22,843034.19,843909.16
2026-06-22T15:40:00+00:00,844003.08,844201.44,843339.8,843548.82
2026-06-22T15:45:00+00:00,843579.59,843712.53,842323.28,842334.18
2026-06-22T15:50:00+00:00,842322.93,843326.54,842267.47,842450.57
2026-06-22T15:55:00+00:00,842515.97,842929.92,842302.78,842611.64
2026-06-22T16:00:00+00:00,842628.91,842703.84,841239.78,841251.53
2026-06-22T16:05:00+00:00,841239.89,842055.78,841076.6,841245.41
2026-06-22T16:10:00+00:00,841251.64,842375.35,840967.74,841639.85
2026-06-22T16:15:00+00:00,841657.27,841976.94,840819.14,840819.14
2026-06-22T16:20:00+00:00,840760.2,841076.56,840140.04,840617.69
2026-06-22T16:25:00+00:00,840636.5,841063.59,840038.89,840367.25
2026-06-22T16:30:00+00:00,840380.5,841202.43,839954.04,841002.05
2026-06-22T16:35:00+00:00,841026.54,842665.37,840909.92,842048.97
2026-06-22T16:40:00+00:00,842108.39,842491.29,841230.63,841629.82
2026-06-22T16:45:00+00:00,841595.4,841686.47,840729.83,840751.21
2026-06-22T16:50:00+00:00,840689.79,841521.3,840648.39,841213.32
2026-06-22T16:55:00+00:00,841222.62,841859.63,840692.48,841821.24
2026-06-22T17:00:00+00:00,841776.24,842454.99,841004.28,841141.37
2026-06-22T17:05:00+00:00,841166.09,841690.72,841064.72,841459.14
2026-06-22T17:10:00+00:00,841544.01,841544.01,840840.86,841175.46
2026-06-22T17:15:00+00:00,841165.17,841800.05,841100.43,841800.05
2026-06-22T17:20:00+00:00,841787.48,842083.96,841076.86,841303.42
2026-06-22T17:25:00+00:00,841297.85,841655.68,840910.58,841622.01
2026-06-22T17:30:00+00:00,841646.48,841678.41,840562.57,840741.22
2026-06-22T17:35:00+00:00,840739.47,841415.86,839931.1,841401.69
2026-06-22T17:40:00+00:00,841401.1,841463.16,840451.62,840721.6
2026-06-22T17:45:00+00:00,840740.8,840788.5,839817.4,840039.72
2026-06-22T17:50:00+00:00,840017.24,840964.67,839877.73,840811.13
2026-06-22T17:55:00+00:00,840818.3,841859.58,840760.76,841628.73
2026-06-22T18:00:00+00:00,841624.09,841925.5,841191.57,841636.34
2026-06-22T18:05:00+00:00,841651.27,843057.79,841635.84,842762.76
2026-06-22T18:10:00+00:00,842856.36,843361.54,842331.95,842746.63
2026-06-22T18:15:00+00:00,842824.83,843820.71,842565.77,843820.71
2026-06-22T18:20:00+00:00,843865.19,843950.99,842133.06,842254.51
2026-06-22T18:25:00+00:00,842260.45,842507.12,841621.78,841768.47
2026-06-22T18:30:00+00:00,841716.15,842464.35,841716.15,842269.6
2026-06-22T18:35:00+00:00,842244.07,842339.47,840749.88,840835.04
2026-06-22T18:40:00+00:00,840816.95,841816.24,840816.95,841499.01
2026-06-22T18:45:00+00:00,841494.01,841763.37,840973.66,841015.1
2026-06-22T18:50:00+00:00,841015.11,841056.94,839791.97,839864.88
2026-06-22T18:55:00+00:00,839840.97,839840.97,838856.1,839093.51
2026-06-22T19:00:00+00:00,839094.93,839720.57,838768.47,839419.37
2026-06-22T19:05:00+00:00,839457.78,839734.55,839077.33,839325.13
2026-06-22T19:10:00+00:00,839319.88,840052.97,838668.62,838933.11
2026-06-22T19:15:00+00:00,838902.17,838910.52,837812.44,838112.27
2026-06-22T19:20:00+00:00,838107.43,838390.73,837783.64,838201.19
2026-06-22T19:25:00+00:00,838152.85,838220.29,837360.76,837544.59
2026-06-22T19:30:00+00:00,837551.36,837725.84,837107.16,837170.25
2026-06-22T19:35:00+00:00,837079.11,837364.36,836526.21,836861.36
2026-06-22T19:40:00+00:00,836852.19,838453.48,836836.34,837963.11
2026-06-22T19:45:00+00:00,837939.19,838412.23,837115.11,837242.2
2026-06-22T19:50:00+00:00,837172.25,837763.09,837041.34,837619.18
2026-06-22T19:55:00+00:00,837583.89,837829.24,837183.59,837701.31
2026-06-22T20:00:00+00:00,837674.18,837719.97,837280.18,837416.16
2026-06-22T20:05:00+00:00,837437.56,837512.05,836204.01,836885.58
2026-06-22T20:10:00+00:00,836845.78,837157.33,835987.92,836093.75
2026-06-22T20:15:00+00:00,836055.17,837355.59,836038.84,837331.09
2026-06-22T20:20:00+00:00,837356.43,837743.56,836831.43,836876.13
2026-06-22T20:25:00+00:00,836867.07,836907.3,835633.58,835733.1
2026-06-22T20:30:00+00:00,835703.47,836112.67,835343.05,836083.32
2026-06-22T20:35:00+00:00,836064.51,837063.77,835890.78,837035.38
2026-06-22T20:40:00+00:00,837052.58,837400.23,836751.75,837229.23
2026-06-22T20:45:00+00:00,837250.92,837630.95,837038.01,837396.4
2026-06-22T20:50:00+00:00,837413.94,838240.96,837306.6,838125.26
2026-06-22T20:55:00+00:00,838058.64,838126.23,836950.69,836974.39
2026-06-22T21:00:00+00:00,837025.18,837840.46,836797.78,837208.54
2026-06-22T21:05:00+00:00,837198.39,837408.4,836409.67,836467.25
2026-06-22T21:10:00+00:00,836418.22,836540.77,834901.79,835029.98
2026-06-22T21:15:00+00:00,834990.01,835265.67,833797.02,833797.02
2026-06-22T21:20:00+00:00,833860.7,834191.41,833255.41,833255.41
2026-06-22T21:25:00+00:00,833277.99,834084.6,833277.99,833904.68
2026-06-22T21:30:00+00:00,833908.44,835090.93,833892.98,835017.65
2026-06-22T21:35:00+00:00,835041.25,835619.52,834945.15,835533.1
2026-06-22T21:40:00+00:00,835537.24,835609.12,835000.82,835301.29
2026-06-22T21:45:00+00:00,835316.12,836511.33,835134.75,836279.02
2026-06-22T21:50:00+00:00,836283.07,836487.94,835523.1,835745.04
2026-06-22T21:55:00+00:00,835739.63,836176.9,835534.41,835573.32
2026-06-22T22:00:00+00:00,835573.27,836500.6,835369.99,835601.06
2026-06-22T22:05:00+00:00,835621.93,835819.95,835268.21,835420.97
2026-06-22T22:10:00+00:00,835441.63,835452.46,834604.16,835327.67
2026-06-22T22:15:00+00:00,835378.98,836197.13,835327.38,835731.93
2026-06-22T22:20:00+00:00,835778.81,835987.21,835512.86,835698.82
2026-06-22T22:25:00+00:00,835702.07,836546.83,835657.88,836408.8
2026-06-22T22:30:00+00:00,836379.69,837344.55,836100.92,837126.27
2026-06-22T22:35:00+00:00,837200.21,838301.44,837200.21,838142.69
2026-06-22T22:40:00+00:00,838151.46,838743.11,837960.21,838743.11
2026-06-22T22:45:00+00:00,838774.12,838891.83,837577.86,837703.41
2026-06-22T22:50:00+00:00,837734.44,838873.38,837664.09,838566.43
2026-06-22T22:55:00+00:00,838516.81,839152.76,838316.21,838316.21
2026-06-22T23:00:00+00:00,838330.49,839045.82,838284.98,838912.29
2026-06-22T23:05:00+00:00,838968.07,839202.54,837958.23,838169.41
2026-06-22T23:10:00+00:00,838208.3,838550.86,837560.11,838035.73
2026-06-22T23:15:00+00:00,838051.91,838118.91,837120.66,837444.23
2026-06-22T23:20:00+00:00,837452.23,837543.79,836021.26,836360.15
2026-06-22T23:25:00+00:00,836362.3,836985.93,836294.62,836814.65
2026-06-22T23:30:00+00:00,836806.66,837028.34,836192.93,836320
2026-06-22T23:35:00+00:00,836355.7,836501.02,835495.12,835876.29
2026-06-22T23:40:00+00:00,835863.15,836633.71,835813.53,835943.14
2026-06-22T23:45:00+00:00,835918.27,836698.96,835788.63,836002.81
2026-06-22T23:50:00+00:00,836029.87,836636.03,835862.81,836529.3
2026-06-22T23:55:00+00:00,836559.11,837165.68,836268.28,837071.71
2026-06-23T00:00:00+00:00,837076.85,837808.06,837034.19,837675.7
2026-06-23T00:05:00+00:00,837698.51,837794.81,837001.28,837760.71
2026-06-23T00:10:00+00:00,837766.14,838409.84,837582.85,838069.53
2026-06-23T00:15:00+00:00,838075.58,838454.5,837255.9,837459.99
2026-06-23T00:20:00+00:00,837460.96,838599.6,837373.85,838445.58
2026-06-23T00:25:00+00:00,838454.79,838958.4,837965.32,837965.32
2026-06-23T00:30:00+00:00,837942.11,839314.85,837758.11,839052.71
2026-06-23T00:35:00+00:00,839011.42,839928.38,838717.17,839807.47
2026-06-23T00:40:00+00:00,839796.73,839919.85,838974.03,839115.94
2026-06-23T00:45:00+00:00,839110.93,840470.76,838790.1,840349.17
2026-06-23T00:50:00+00:00,840349.85,840711.79,840193.37,840339.15
2026-06-23T00:55:00+00:00,840280.51,841619.17,840234.38,841424.44
2026-06-23T01:00:00+00:00,841395.49,841490.88,840461.08,840575.81
2026-06-23T01:05:00+00:00,840549.41,841691.27,840530.81,841655.95
2026-06-23T01:10:00+00:00,841703.75,842489.25,841299.74,842385.92
2026-06-23T01:15:00+00:00,842423.59,842516.45,841390.19,841999.85
2026-06-23T01:20:00+00:00,842007.35,842007.35,840628.41,840758.23
2026-06-23T01:25:00+00:00,840716.62,840999.69,840054.07,840370.64
2026-06-23T01:30:00+00:00,840354.39,840520.1,839280.85,839373.47
2026-06-23T01:35:00+00:00,839412.39,840142.49,839326.25,839591.48
2026-06-23T01:40:00+00:00,839578.25,840109.32,839469.06,840022.95
2026-06-23T01:45:00+00:00,840027.5,840907.5,839851.41,840713.54
2026-06-23T01:50:00+00:00,840682.65,841301.41,840155.21,840964.44
2026-06-23T01:55:00+00:00,841038.71,841668.57,841011.35,841194.43
2026-06-23T02:00:00+00:00,841181.67,842268.84,840982.43,842117.99
2026-06-23T02:05:00+00:00,842173.04,842955.64,841825.37,842287.98
2026-06-23T02:10:00+00:00,842280.81,842922.11,841740.46,841927.35
2026-06-23T02:15:00+00:00,841948.09,842709.91,841801.49,842421.42
2026-06-23T02:20:00+00:00,842390.67,843230.2,842286.73,842599.16
2026-06-23T02:25:00+00:00,842591.25,842967.5,841397.74,841674.24
2026-06-23T02:30:00+00:00,841744.05,841938.91,841034.55,841470.63
2026-06-23T02:35:00+00:00,841465,841755.15,840897.67,841260.09
2026-06-23T02:40:00+00:00,841240.74,841535.39,840809.78,841522.25
2026-06-23T02:45:00+00:00,841482.88,842881.88,841262.82,842881.88
2026-06-23T02:50:00+00:00,842882.61,843255.4,842553.36,842859.11
2026-06-23T02:55:00+00:00,842879.15,843443.88,842650.12,843308.34
2026-06-23T03:00:00+00:00,843307.27,843765.19,842842.59,843765.19
2026-06-23T03:05:00+00:00,843805.94,844331.77,843400.93,843809
2026-06-23T03:10:00+00:00,843837.68,843897.19,843137.82,843301.5
2026-06-23T03:15:00+00:00,843388.98,844071.58,843113.41,844019.48
2026-06-23T03:20:00+00:00,844005.09,844523.86,843507.36,844336.22
2026-06-23T03:25:00+00:00,844316.83,844798.67,843584.27,844130.35
2026-06-23T03:30:00+00:00,844160.29,844879.93,843974.37,844562.82
2026-06-23T03:35:00+00:00,844610.75,845117.14,844340.45,844818.41
2026-06-23T03:40:00+00:00,844744.12,844978.48,844341.2,844637.83
2026-06-23T03:45:00+00:00,844569,844849.18,844331.2,844537.03
2026-06-23T03:50:00+00:00,844505.48,845165.69,844359.6,844865.06
2026-06-23T03:55:00+00:00,844878.41,844893.93,844093.71,844692.99
2026-06-23T04:00:00+00:00,844669.84,845069.04,844515.69,845069.04
2026-06-23T04:05:00+00:00,845117.96,845499.66,843863.23,844244.49
2026-06-23T04:10:00+00:00,844235.79,844631.91,843951.75,843963.06
2026-06-23T04:15:00+00:00,843910.27,845032,843910.27,844267.41
2026-06-23T04:20:00+00:00,844231.3,844777.21,843608.92,843874.83
2026-06-23T04:25:00+00:00,843866.75,844199.98,843460.46,843679.34
2026-06-23T04:30:00+00:00,843681.76,844044.05,843278.09,843591.32
2026-06-23T04:35:00+00:00,843561.73,843844.46,842835.22,843629.75
2026-06-23T04:40:00+00:00,843602.71,843638.44,842330.41,842731.55
2026-06-23T04:45:00+00:00,842719.32,843582.01,842156.4,842785.96
2026-06-23T04:50:00+00:00,842745.78,843305.39,842464.07,843178.3
2026-06-23T04:55:00+00:00,843098.9,843111.36,842576.07,842995.3
2026-06-23T05:00:00+00:00,843039.3,843758.33,842793.4,843262.05
2026-06-23T05:05:00+00:00,843229.5,844431.43,843124.1,844116.85
2026-06-23T05:10:00+00:00,844184.46,844535.65,843249.58,843464.24
2026-06-23T05:15:00+00:00,843433.75,844550.81,843199.4,844550.81
2026-06-23T05:20:00+00:00,844514.51,845294.11,844318.99,845290.42
2026-06-23T05:25:00+00:00,845217.51,845423.47,844491.49,845283.16
2026-06-23T05:30:00+00:00,845264.9,845441,844698.62,844892.05
2026-06-23T05:35:00+00:00,844842.66,845072.41,844228.79,845068.02
2026-06-23T05:40:00+00:00,845023.67,846064.84,844845.52,845137.96
2026-06-23T05:45:00+00:00,845140.55,846034.41,845086.87,845931.47
2026-06-23T05:50:00+00:00,845971.86,846762.47,845971.86,846699.37
2026-06-23T05:55:00+00:00,846711.63,846808.27,845843.19,846330.51
2026-06-23T06:00:00+00:00,846302.24,846862.73,845585.31,845787.86
2026-06-23T06:05:00+00:00,845827.83,846028.73,844885.99,845273.14
2026-06-23T06:10:00+00:00,845221.63,845733.72,844816.48,845357
2026-06-23T06:15:00+00:00,845371,846272.39,844890.68,845949.29
2026-06-23T06:20:00+00:00,845943.68,847663.08,845821.08,847508.41
2026-06-23T06:25:00+00:00,847534.93,847769.34,846928.37,847168.7
2026-06-23T06:30:00+00:00,847120.28,847432.55,846466.02,846661.09
2026-06-23T06:35:00+00:00,846665.96,846674.59,844696.36,844885.17
2026-06-23T06:40:00+00:00,844891.19,845165.2,844446.85,844888.77
2026-06-23T06:45:00+00:00,844987.89,845006.83,844187.75,844862.75
2026-06-23T06:50:00+00:00,844902.8,846333.47,844807.49,846141.42
2026-06-23T06:55:00+00:00,846112.24,847265.26,846000.84,846691.56
2026-06-23T07:00:00+00:00,846666.63,846912.77,846289.64,846350.12
2026-06-23T07:05:00+00:00,846327.72,847173.48,845945.72,847173.48
2026-06-23T07:10:00+00:00,847221.94,847961.48,847206.16,847708.72
2026-06-23T07:15:00+00:00,847745.22,848412.47,847140.04,848379.02
2026-06-23T07:20:00+00:00,848465.71,849368.48,848331.2,848897.76
2026-06-23T07:25:00+00:00,848879.48,849324.56,848714.02,849215.75
2026-06-23T07:30:00+00:00,849214.66,849514.5,848882.69,848948.11
2026-06-23T07:35:00+00:00,848947.66,849248.27,848337.62,848882.6
2026-06-23T07:40:00+00:00,848883.65,849651.82,848587.86,849651.82
2026-06-23T07:45:00+00:00,849639.76,850115.15,849290.43,849881.52
2026-06-23T07:50:00+00:00,849869.37,849869.37,848859.04,848971.13
2026-06-23T07:55:00+00:00,848910.63,850622.61,848740.66,850358.38
2026-06-23T08:00:00+00:00,850320.03,851046.99,850187.62,850236.3
2026-06-23T08:05:00+00:00,850247.81,850698.51,849908.52,850698.08
2026-06-23T08:10:00+00:00,850667.71,851561.61,850667.71,851399.83
2026-06-23T08:15:00+00:00,851349.35,851562.98,850901.11,850974.65
2026-06-23T08:20:00+00:00,850969.29,851990.59,850846.5,851922.05
2026-06-23T08:25:00+00:00,851944.38,852087.95,850535.69,850750.88
2026-06-23T08:30:00+00:00,850781.73,851644.07,850635.33,851272.97
2026-06-23T08:35:00+00:00,851215.16,851369.24,850739.17,851032.52
2026-06-23T08:40:00+00:00,851014.8,852030.46,850909.96,851962.1
2026-06-23T08:45:00+00:00,851961.28,852312.83,851577.58,852017.75
2026-06-23T08:50:00+00:00,851997.4,852136.47,851079.71,851224.01
2026-06-23T08:55:00+00:00,851254.12,852015.03,851239.25,851931.71
2026-06-23T09:00:00+00:00,851925.09,852260.17,851790.67,852102.54
2026-06-23T09:05:00+00:00,852146.29,852426.07,850746.75,850831.53
2026-06-23T09:10:00+00:00,850818.84,851410.29,850630.36,851324.4
2026-06-23T09:15:00+00:00,851353.96,851711.4,850728.94,850955.85
2026-06-23T09:20:00+00:00,850970.01,851196.45,850369.58,850874.63
2026-06-23T09:25:00+00:00,850864.93,851647.66,850864.93,851567.04
2026-06-23T09:30:00+00:00,851541.66,851996.9,851265.73,851660.28
2026-06-23T09:35:00+00:00,851678.84,852772.31,851296.77,852723.63
2026-06-23T09:40:00+00:00,852654.97,852927.19,851842.67,852165.05
2026-06-23T09:45:00+00:00,852142.96,852209.82,851220.48,851246.27
2026-06-23T09:50:00+00:00,851194.7,852040.31,851180.94,851226.69
2026-06-23T09:55:00+00:00,851238.58,851245.41,850330.14,850337.15
2026-06-23T10:00:00+00:00,850392.97,851260.33,850327.78,851260.33
2026-06-23T10:05:00+00:00,851340.08,851486.3,850343.48,850496.48
2026-06-23T10:10:00+00:00,850530.89,850566.58,849183.5,849475.82
2026-06-23T10:15:00+00:00,849506.98,849748.64,849028.97,849508.92
2026-06-23T10:20:00+00:00,849508.71,850592.98,849508.71,850039.94
2026-06-23T10:25:00+00:00,850001.3,850618.45,849962.13,850494.56
2026-06-23T10:30:00+00:00,850416.16,851130.27,850048.62,851091.65
2026-06-23T10:35:00+00:00,851116.86,851620.66,850690.82,851287.2
2026-06-23T10:40:00+00:00,851301.52,851884.5,850947.57,851862.64
2026-06-23T10:45:00+00:00,851860.62,852811.75,851826.82,852444.52
2026-06-23T10:50:00+00:00,852458,853607.04,852228.21,853223.36
2026-06-23T10:55:00+00:00,853271.18,853787.95,852702.47,853179.51
2026-06-23T11:00:00+00:00,853155.2,853257.04,852621.31,852650.81
2026-06-23T11:05:00+00:00,852680.42,852879.21,851694.78,851700.13
2026-06-23T11:10:00+00:00,851692.67,852386.51,851313.33,852306.64
2026-06-23T11:15:00+00:00,852340.53,852351.06,850991.89,851146.96
2026-06-23T11:20:00+00:00,851105.04,851726.62,850984.06,851035.17
2026-06-23T11:25:00+00:00,851016.01,851075.84,850408.8,850615.39
2026-06-23T11:30:00+00:00,850519.37,850634.18,849329.26,849395.94
2026-06-23T11:35:00+00:00,849433.99,849449.36,848548.32,848745.21
2026-06-23T11:40:00+00:00,848778.19,849383.96,848247.39,849170.29
2026-06-23T11:45:00+00:00,849227.55,849407.86,848423.05,848864.05
2026-06-23T11:50:00+00:00,848807.56,849469.89,848501.71,848571.18
2026-06-23T11:55:00+00:00,848567.69,848930.43,848178.06,848666.43
2026-06-23T12:00:00+00:00,848628.69,848927.92,848129.4,848308.43
2026-06-23T12:05:00+00:00,848314.3,848467.29,847181.34,847827.02
2026-06-23T12:10:00+00:00,847805.68,848344.82,847555.74,847594.45
2026-06-23T12:15:00+00:00,847535.46,848718.67,847518.35,847849.16
2026-06-23T12:20:00+00:00,847907.97,848994.43,847907.97,848374.04
2026-06-23T12:25:00+00:00,848368.04,848407.71,847064.73,847188.31
2026-06-23T12:30:00+00:00,847161.17,847590.36,846537.68,846983.88
2026-06-23T12:35:00+00:00,847010.25,847218.95,845988.57,846367.71
2026-06-23T12:40:00+00:00,846319.91,846860.7,846081.39,846225.63
2026-06-23T12:45:00+00:00,846211.95,846284.19,845189.43,845410.19
2026-06-23T12:50:00+00:00,845331.52,845346.17,844749.01,845081.32
2026-06-23T12:55:00+00:00,845097.85,845097.85,843676.42,843792.95
2026-06-23T13:00:00+00:00,843788.44,844252.69,843019.68,843131.24
2026-06-23T13:05:00+00:00,843117.2,843224.37,842682.42,842993.32
2026-06-23T13:10:00+00:00,842962.78,844003.37,842953.56,843613.61
2026-06-23T13:15:00+00:00,843579.47,844043.87,843321.07,843602.6
2026-06-23T13:20:00+00:00,843553.48,844588.25,843543.02,844407.61
2026-06-23T13:25:00+00:00,844424.73,844968.33,844265.03,844457.53
2026-06-23T13:30:00+00:00,844445.33,845237.7,844334.35,844586.52
2026-06-23T13:35:00+00:00,844604.86,844680.88,843724.95,844020.31
2026-06-23T13:40:00+00:00,844032.97,845344.2,843851.3,845125.15
2026-06-23T13:45:00+00:00,845169.27,845681.6,844703.74,844775.08
2026-06-23T13:50:00+00:00,844752.83,845063.25,843352.03,843599.72
2026-06-23T13:55:00+00:00,843607.54,844359.94,843369.35,844131.11
2026-06-23T14:00:00+00:00,844160,845002.52,843998.15,844893.12
2026-06-23T14:05:00+00:00,844932.09,846398.32,844932.09,845799.39
2026-06-23T14:10:00+00:00,845840.25,846214.58,845492.92,846069.73
2026-06-23T14:15:00+00:00,846090.55,846326.72,844988.64,845194.88
2026-06-23T14:20:00+00:00,845210.83,845991.57,844880.49,845774.63
2026-06-23T14:25:00+00:00,845765.53,846305.39,845444.98,846143.64
2026-06-23T14:30:00+00:00,846184.22,846808.68,846178.83,846495
2026-06-23T14:35:00+00:00,846491.46,846809.58,846036.2,846301.6
2026-06-23T14:40:00+00:00,846285.42,846611.97,845570.86,845570.86
2026-06-23T14:45:00+00:00,845546.23,846143.07,845401.24,846045.55
2026-06-23T14:50:00+00:00,846037.52,846890.75,845876.36,846771.93
2026-06-23T14:55:00+00:00,846733.52,847245,846666.95,847130.97
2026-06-23T15:00:00+00:00,847123.13,847474.86,846827.19,847132.28
2026-06-23T15:05:00+00:00,847149.67,847584.88,846760.3,846952
2026-06-23T15:10:00+00:00,846953.03,847317.62,846182.46,846186.78
2026-06-23T15:15:00+00:00,846207.3,846495.37,845821.91,846176.69
2026-06-23T15:20:00+00:00,846140.61,847003.64,845925.98,846414.51
2026-06-23T15:25:00+00:00,846415.4,847417.6,846111.94,846871.35
2026-06-23T15:30:00+00:00,846822.2,846920.57,846359.42,846750.66
2026-06-23T15:35:00+00:00,846715.33,847160.02,846472.6,846793.72
2026-06-23T15:40:00+00:00,846811.33,847191.74,846437.24,846808.42
2026-06-23T15:45:00+00:00,846766.99,846800.81,845195.14,845736.99
2026-06-23T15:50:00+00:00,845779.64,845779.64,844700.91,844816.14
2026-06-23T15:55:00+00:00,844793.88,845440.97,844153.87,845403.89
2026-06-23T16:00:00+00:00,845464.64,846072.58,844977.08,846044.2
2026-06-23T16:05:00+00:00,846150.06,846333.95,845381.57,846194.4
2026-06-23T16:10:00+00:00,846220.78,846280.8,845083.6,845109.46
2026-06-23T16:15:00+00:00,845072,846165.18,844712.53,846061.06
2026-06-23T16:20:00+00:00,846002.56,847194.47,845865.42,846896.92
2026-06-23T16:25:00+00:00,846832.85,847228.28,846060.12,846912.72
2026-06-23T16:30:00+00:00,846887.54,847521.79,846839.46,847038.32
2026-06-23T16:35:00+00:00,847045.57,847518.78,846398.55,847508.37
2026-06-23T16:40:00+00:00,847537.24,847981.95,847330.81,847693.4
2026-06-23T16:45:00+00:00,847715.37,848565.86,847673.87,848194.79
2026-06-23T16:50:00+00:00,848212.73,848439.79,847552.06,848283.53
2026-06-23T16:55:00+00:00,848251.63,849010.61,848190.37,848795.23
2026-06-23T17:00:00+00:00,848810.61,849307.27,848340.58,848831.16
2026-06-23T17:05:00+00:00,848831.34,850610.27,848783.08,850464.3
2026-06-23T17:10:00+00:00,850444.91,850451.76,849647.34,849860.11
2026-06-23T17:15:00+00:00,849879.98,849879.98,848773.95,848838.04
2026-06-23T17:20:00+00:00,848845.99,849044.4,847397.11,847750.62
2026-06-23T17:25:00+00:00,847637.1,847947.26,847166.12,847183.23
2026-06-23T17:30:00+00:00,847188.7,847215.23,845860.16,845953.15
2026-06-23T17:35:00+00:00,845978.81,846387.35,845726.9,846118.85
2026-06-23T17:40:00+00:00,846120.81,846223.47,844556.86,844730.27
2026-06-23T17:45:00+00:00,844711.08,844981.63,844236.34,844634.15
2026-06-23T17:50:00+00:00,844620.41,845230.23,844259.38,844336.44
2026-06-23T17:55:00+00:00,844373.56,844842.6,844136.85,844622.46
2026-06-23T18:00:00+00:00,844598.9,844963.93,844234.58,844688.6
2026-06-23T18:05:00+00:00,844753.34,845521.33,844698.94,845264.46
2026-06-23T18:10:00+00:00,845249.17,846058.34,845122.99,845869.14
2026-06-23T18:15:00+00:00,845906.25,846305.51,845455.87,845964.14
2026-06-23T18:20:00+00:00,845976.97,846430.5,845682.41,846311.52
2026-06-23T18:25:00+00:00,846352.13,846671.8,845797.99,846669.17
2026-06-23T18:30:00+00:00,846683.46,847316.24,846016.55,847211.15
2026-06-23T18:35:00+00:00,847272.34,847554.11,846654.49,847106.23
2026-06-23T18:40:00+00:00,847122.05,847522.47,846649.89,846888.42
2026-06-23T18:45:00+00:00,846885.22,846905.72,846013.78,846116.27
2026-06-23T18:50:00+00:00,846061.88,846255.99,844207.96,844216.61
2026-06-23T18:55:00+00:00,844235.81,845533.04,844205.67,845330.54
2026-06-23T19:00:00+00:00,845347.72,845821.8,845045.16,845315.17
2026-06-23T19:05:00+00:00,845338.37,845365.11,844181.68,844181.68
2026-06-23T19:10:00+00:00,844172.68,844785.45,843757.07,843817.75
2026-06-23T19:15:00+00:00,843799.71,844652.17,843703.35,844132.28
2026-06-23T19:20:00+00:00,844142.49,844863.25,843955.68,843955.68
2026-06-23T19:25:00+00:00,843998.36,845039.14,843998.36,845012.8
2026-06-23T19:30:00+00:00,845001.38,845028.48,843693.31,844224.42
2026-06-23T19:35:00+00:00,844177.47,844177.47,843037.46,843218.46
2026-06-23T19:40:00+00:00,843244.06,843314.35,842566.91,842603.53
2026-06-23T19:45:00+00:00,842567.7,843295.31,842566.11,842983.12
2026-06-23T19:50:00+00:00,843013.4,843900.33,842944.2,843594.68
2026-06-23T19:55:00+00:00,843589.69,844015.31,843119.27,843872.24
2026-06-23T20:00:00+00:00,843877.31,844213.48,843356.39,843989.44
2026-06-23T20:05:00+00:00,844033.13,844283.35,843366.88,843863.01
2026-06-23T20:10:00+00:00,843842.51,844203.68,843486.57,844146.57
2026-06-23T20:15:00+00:00,844143.36,844500.97,842764.59,842961.26
2026-06-23T20:20:00+00:00,842901.96,843293.32,842346.98,842390.11
2026-06-23T20:25:00+00:00,842441.42,842964.52,842231.46,842819.37
2026-06-23T20:30:00+00:00,842781.83,842926.24,841414.78,841442.89
2026-06-23T20:35:00+00:00,841473.08,842100.03,840779.36,840826.49
2026-06-23T20:40:00+00:00,840831.1,840932.57,840101.9,840190.4
2026-06-23T20:45:00+00:00,840175.28,840308.03,839410.03,839918.64
2026-06-23T20:50:00+00:00,839872,839992.99,839101.22,839208.18
2026-06-23T20:55:00+00:00,839197.32,839571.01,838662.96,838707.49
2026-06-23T21:00:00+00:00,838693.35,839228.69,838598.02,839050.17
2026-06-23T21:05:00+00:00,839025.23,839696.64,838994.06,839275.9
2026-06-23T21:10:00+00:00,839210.75,840228.41,838744.17,840203.73
2026-06-23T21:15:00+00:00,840276.18,841056.84,840276.18,840902.16
2026-06-23T21:20:00+00:00,840912.93,841702.7,840688.73,841567.58
2026-06-23T21:25:00+00:00,841540.73,842114.22,841164.69,841632.3
2026-06-23T21:30:00+00:00,841621.73,842110.26,841456.66,841661.19
2026-06-23T21:35:00+00:00,841583.02,842331.85,841533.22,842207.34
2026-06-23T21:40:00+00:00,842195.23,842421.95,841469.98,842405.37
2026-06-23T21:45:00+00:00,842344.31,842344.31,841535.64,841535.64
2026-06-23T21:50:00+00:00,841527.26,841902.8,841030.99,841167.66
2026-06-23T21:55:00+00:00,841175.94,841202.9,840169.4,840493.99
2026-06-23T22:00:00+00:00,840503.31,840946.59,839714.97,839743.76
2026-06-23T22:05:00+00:00,839773.97,840627.44,839678.54,840344.71
2026-06-23T22:10:00+00:00,840369.27,840533.37,838867.24,839142.71
2026-06-23T22:15:00+00:00,839161.12,840294.1,839122.14,839210.33
2026-06-23T22:20:00+00:00,839183.52,839397.24,838597.54,838863.14
2026-06-23T22:25:00+00:00,838863.66,839516.92,838860.33,839457.37
2026-06-23T22:30:00+00:00,839479.7,839622.68,839001.45,839558.29
2026-06-23T22:35:00+00:00,839592,839914.59,839139.46,839450.34
2026-06-23T22:40:00+00:00,839476.32,839581.36,838362.11,838621.29
2026-06-23T22:45:00+00:00,838603.76,839284.17,838603.76,839237.29
2026-06-23T22:50:00+00:00,839174.24,840278.03,839174.24,839904.31
2026-06-23T22:55:00+00:00,839902.64,840241.06,839127.24,839266.57
2026-06-23T23:00:00+00:00,839253.63,839851.94,838863.18,839125.63
2026-06-23T23:05:00+00:00,839146.74,839550.71,838805.48,839250.66
2026-06-23T23:10:00+00:00,839241.69,839404.93,838525.09,838578.04
2026-06-23T23:15:00+00:00,838483.19,838540.5,837888.64,838480.79
2026-06-23T23:20:00+00:00,838497.38,839288.78,838307.71,839215.57
2026-06-23T23:25:00+00:00,839193.13,839773.08,838757.31,839364.65
2026-06-23T23:30:00+00:00,839380.8,840003.74,839322.7,839654.74
2026-06-23T23:35:00+00:00,839580.07,839603.18,838615.05,838922.28
2026-06-23T23:40:00+00:00,838912.09,839226.19,837899.39,838057.56
2026-06-23T23:45:00+00:00,838053.91,838348.8,837760.42,838193.72
2026-06-23T23:50:00+00:00,838210.31,838310.09,837891.06,838109.62
